{
  "project_info": {
    "project_number": "874721381964",
    "firebase_url": "https://android-e6fef.firebaseio.com",
    "project_id": "android-e6fef",
    "storage_bucket": "android-e6fef.appspot.com"
  },
  "client": [
    {
      "client_info": {
        "mobilesdk_app_id": "1:874721381964:android:663e5c647ae4983d9f6ee9",
        "android_client_info": {
          "package_name": "io.github.project_travel_mate"
        }
      },
      "oauth_client": [
        {
          "client_id": "874721381964-q0suudm4l63o11iat1mh212sk4ls66sk.apps.googleusercontent.com",
          "client_type": 1,
          "android_info": {
            "package_name": "io.github.project_travel_mate",
            "certificate_hash": "2d33e082aae2bece0d4c017059ca724c0686c0aa"
          }
        },
        {
          "client_id": "874721381964-do31o45u8eltu2aeho4httqnr34g82rm.apps.googleusercontent.com",
          "client_type": 3
        }
      ],
      "api_key": [
        {
          "current_key": "AIzaSyB_U0TxbnAP9vkRU6jlLGvkUEDDn8ofbHM"
        }
      ],
      "services": {
        "appinvite_service": {
          "other_platform_oauth_client": [
            {
              "client_id": "874721381964-do31o45u8eltu2aeho4httqnr34g82rm.apps.googleusercontent.com",
              "client_type": 3
            }
          ]
        }
      }
    }
  ],
  "configuration_version": "1"
}